title,description
CSV Task 01,CSV Task Description 01
CSV Task 02,CSV Task Description 02
CSV Task 03,CSV Task Description 03
CSV Task 04,CSV Task Description 04
CSV Task 05,CSV Task Description 05
CSV Task 06,CSV Task Description 06
CSV Task 07,CSV Task Description 07
CSV Task 08,CSV Task Description 08
CSV Task 09,CSV Task Description 09
CSV Task 10,CSV Task Description 10
CSV Task 11,CSV Task Description 11
CSV Task 12,CSV Task Description 12
CSV Task 13,CSV Task Description 13
CSV Task 14,CSV Task Description 14
CSV Task 15,CSV Task Description 15
CSV Task 16,CSV Task Description 16
CSV Task 17,CSV Task Description 17
CSV Task 18,CSV Task Description 18
CSV Task 19,CSV Task Description 19
CSV Task 20,CSV Task Description 20
CSV Task 21,CSV Task Description 21
CSV Task 22,CSV Task Description 22
CSV Task 23,CSV Task Description 23
CSV Task 24,CSV Task Description 24
CSV Task 25,CSV Task Description 25